{
    "df": {
        "Alargamiento (mm)": [
            193.7
        ],
        "Tensi\u00f3n (MPa)": [
            116.45573497997249
        ],
        "pandas": null
    },
    "df_exp_1": {
        "alargamiento [mm]": [
            0.0,
            2.3368148126446613,
            6.668033867518261,
            12.99878416781415,
            19.996044883250818,
            27.9919725778572,
            36.32225412357542,
            43.986757683180514,
            50.64966454750534,
            57.98274397210908,
            64.6493129815721,
            70.31428529575483,
            78.97599097647436,
            82.97871561245715,
            88.64368792663988,
            96.64401019541206,
            102.30971493862246,
            108.64266252600122,
            117.97600562505492,
            125.64636861688102,
            132.97944804148477,
            139.98330061817012,
            147.31784490082907,
            156.65192042891044,
            165.6516421058799,
            173.31907538159555,
            182.31733220050967,
            191.64188615123192,
            198.9698385726423,
            203.29593062432247
        ],
        "fuerza [kg]": [
            0.0,
            4.397503881873945,
            7.14301409193456,
            11.536489614156494,
            16.479286907098867,
            21.420985556499545,
            27.4624263908828,
            33.5045996542936,
            37.347654762253626,
            44.49030263967427,
            51.08362874637453,
            55.47783669762407,
            60.41880291799731,
            66.46500454106001,
            70.85921249230955,
            79.10123634019868,
            84.04549849119621,
            90.08913661266229,
            99.42980400199224,
            109.87241086338742,
            117.01505874080812,
            126.90834383148274,
            135.15110010839953,
            145.04182169747753,
            153.8328011015733,
            162.07519116397629,
            169.7660621685759,
            172.50607916092935,
            175.79834764011372,
            174.69347845193806
        ],
        "stress [MPa]": [
            0.0,
            2.943187049660416,
            4.78071813821,
            7.721209063824217,
            11.029353268459978,
            14.336762166537527,
            18.38021292921638,
            22.424153896267207,
            24.996256236301814,
            29.77672927232573,
            34.18954902932814,
            37.130530159314375,
            40.43744885302002,
            44.48408594411698,
            47.425067074103204,
            52.94133687254222,
            56.25046148592198,
            60.295382861716874,
            66.54695921819895,
            73.53604805239826,
            78.3165210884222,
            84.93795664359989,
            90.45471664641097,
            97.07443648628659,
            102.95811446156115,
            108.4746293621862,
            113.62202037067361,
            115.455874926433,
            117.65934357870204,
            116.91987028349673
        ],
        "strain [-]": [
            0.0,
            0.012082792336624988,
            0.034477900464702706,
            0.06721183419346546,
            0.10339204312245666,
            0.14473598417838346,
            0.18780874350783147,
            0.22743901475265585,
            0.2618904054081258,
            0.2998070068418474,
            0.33427733307534085,
            0.36356877871947985,
            0.40835520786003043,
            0.4290517946394241,
            0.4583432402835631,
            0.49970990403311794,
            0.5290051367928618,
            0.5617504318684383,
            0.61000964601845,
            0.6496702141881114,
            0.6875868156218331,
            0.7238011085912662,
            0.7617252842561969,
            0.8099882855218133,
            0.856522468513908,
            0.8961678882211513,
            0.9426944969820363,
            0.9909082657447925,
            1.0287983573692818,
            1.0511669556881267
        ],
        "pandas": null
    }
}